ID,Class
750,Johnson
751,Taylor
752,Comdet
753,Auken
754,Comdet
755,Neal
756,Chachra
757,Harp
758,Taylor
759,Calvinnme
760,Taylor
761,Bukowsky
762,Neal
763,Vision
764,Comdet
765,Robert
766,Chandler
767,Johnson
768,Taylor
769,Kolln
770,Vision
771,Johnson
772,Wilson
773,Johnson
774,Sherwin
775,Johnson
776,Taylor
777,Harp
778,Taylor
779,Harp
780,Sherwin
781,Taylor
782,Taylor
783,Johnson
784,Comdet
785,Comdet
786,Harp
787,Kolln
788,Taylor
789,Taylor
790,Cholette
791,Harp
792,Kolln
793,Comdet
794,Comdet
795,Neal
796,Taylor
797,Johnson
798,Comdet
799,Sherwin
800,Johnson
801,Johnson
802,Johnson
803,Harp
804,Kolln
805,Taylor
806,Chandler
807,Sherwin
808,Johnson
809,Johnson
810,Kolln
811,Johnson
812,Kolln
813,Kolln
814,Chandler
815,Taylor
816,Chandler
817,Sherwin
818,Taylor
819,Sherwin
820,Auken
821,Taylor
822,Neal
823,Johnson
824,Vision
825,Vision
826,Taylor
827,Taylor
828,Taylor
829,Johnson
830,Engineer
831,Harp
832,Harp
833,Johnson
834,Taylor
835,Sherwin
836,Johnson
837,Comdet
838,Johnson
839,Vision
840,Johnson
841,Sherwin
842,Harp
843,Johnson
844,Sherwin
845,Johnson
846,Johnson
847,Chandler
848,Taylor
849,Johnson
850,Johnson
851,Comdet
852,Johnson
853,Johnson
854,Harp
855,Johnson
856,Taylor
857,Taylor
858,Taylor
859,Taylor
860,Harp
861,Johnson
862,Johnson
863,Sherwin
864,Cholette
865,Taylor
866,Taylor
867,Lee
868,Sherwin
869,Taylor
870,Vision
871,Sherwin
872,Harp
873,Taylor
874,Johnson
875,Taylor
876,Sherwin
877,Johnson
878,Taylor
879,Taylor
880,Taylor
881,Sherwin
882,Chandler
883,Taylor
884,Johnson
885,Johnson
886,Vision
887,Taylor
888,Johnson
889,Johnson
890,Johnson
891,Vision
892,Johnson
893,Johnson
894,Sherwin
895,Johnson
896,Johnson
897,Taylor
898,Taylor
899,Johnson
900,Harp
901,Sherwin
902,Cholette
903,Taylor
904,Vision
905,Chandler
906,Lee
907,Sherwin
908,Sherwin
909,Sherwin
910,Taylor
911,Taylor
912,Sherwin
913,Johnson
914,Taylor
915,Taylor
916,Taylor
917,Johnson
918,Johnson
919,Johnson
920,Comdet
921,Johnson
922,Sherwin
923,Johnson
924,Vision
925,Johnson
926,Sherwin
927,Taylor
928,Sherwin
929,Johnson
930,Sherwin
931,Johnson
932,Taylor
933,Harp
934,Sherwin
935,Taylor
936,Taylor
937,Taylor
938,Sherwin
939,Vision
940,Sherwin
941,Sherwin
942,Vision
943,Sherwin
944,Johnson
945,Taylor
946,Johnson
947,Sherwin
948,Taylor
949,Taylor
950,Taylor
951,Taylor
952,Taylor
953,Sherwin
954,Taylor
955,Johnson
956,Johnson
957,Taylor
958,Johnson
959,Taylor
960,Taylor
961,Sherwin
962,Harp
963,Sherwin
964,Taylor
965,Johnson
966,Johnson
967,Taylor
968,Johnson
969,Vision
970,Vision
971,Johnson
972,Vision
973,Taylor
974,Taylor
975,Johnson
976,Sherwin
977,Taylor
978,Johnson
979,Johnson
980,Sherwin
981,Taylor
982,Johnson
983,Vision
984,Johnson
985,Johnson
986,Sherwin
987,Johnson
988,Taylor
989,Sherwin
990,Johnson
991,Sherwin
992,Taylor
993,Sherwin
994,Taylor
995,Sherwin
996,Johnson
997,Johnson
998,Sherwin
999,Taylor
1000,Harp
1001,Johnson
1002,Sherwin
1003,Johnson
1004,Sherwin
1005,Sherwin
1006,Johnson
1007,Taylor
1008,Johnson
1009,Johnson
1010,Johnson
1011,Vision
1012,Johnson
1013,Johnson
1014,Johnson
1015,Sherwin
1016,Sherwin
1017,Johnson
1018,Johnson
1019,Sherwin
1020,Sherwin
1021,Johnson
1022,Sherwin
1023,Taylor
1024,Sherwin
1025,Sherwin
1026,Taylor
1027,Johnson
1028,Taylor
1029,Taylor
1030,Sherwin
1031,Taylor
1032,Sherwin
1033,Sherwin
1034,Johnson
1035,Johnson
1036,Taylor
1037,Taylor
1038,Sherwin
1039,Sherwin
1040,Johnson
1041,Johnson
1042,Taylor
1043,Johnson
1044,Johnson
1045,Johnson
1046,Vision
1047,Sherwin
1048,Sherwin
1049,Johnson
1050,Johnson
1051,Vision
1052,Johnson
1053,Johnson
1054,Sherwin
1055,Johnson
1056,Sherwin
1057,Sherwin
1058,Johnson
1059,Taylor
1060,Taylor
1061,Sherwin
1062,Johnson
1063,Johnson
1064,Sherwin
1065,Sherwin
1066,Johnson
1067,Sherwin
1068,Sherwin
1069,Sherwin
1070,Taylor
1071,Sherwin
1072,Johnson
1073,Sherwin
1074,Johnson
1075,Johnson
1076,Sherwin
1077,Taylor
1078,Johnson
1079,Taylor
1080,Johnson
1081,Johnson
1082,Johnson
1083,Taylor
1084,Sherwin
1085,Sherwin
1086,Johnson
1087,Johnson
1088,Sherwin
1089,Sherwin
1090,Johnson
1091,Sherwin
1092,Sherwin
1093,Sherwin
1094,Johnson
1095,Vision
1096,Sherwin
1097,Johnson
1098,Sherwin
1099,Sherwin
1100,Taylor
1101,Johnson
1102,Johnson
1103,Harp
1104,Johnson
1105,Sherwin
1106,Taylor
1107,Taylor
1108,Sherwin
1109,Johnson
1110,Johnson
1111,Sherwin
1112,Taylor
1113,Johnson
1114,Johnson
1115,Sherwin
1116,Johnson
1117,Johnson
1118,Johnson
1119,Johnson
1120,Johnson
1121,Taylor
1122,Johnson
1123,Sherwin
1124,Taylor
1125,Johnson
1126,Vision
1127,Johnson
1128,Johnson
1129,Johnson
1130,Taylor
1131,Sherwin
1132,Johnson
1133,Taylor
1134,Sherwin
1135,Sherwin
1136,Sherwin
1137,Johnson
1138,Sherwin
1139,Lee
1140,Johnson
1141,Sherwin
1142,Sherwin
1143,Johnson
1144,Lee
1145,Johnson
1146,Johnson
1147,Taylor
1148,Sherwin
1149,Johnson
1150,Sherwin
1151,Johnson
1152,Taylor
1153,Sherwin
1154,Johnson
1155,Sherwin
1156,Sherwin
1157,Johnson
1158,Johnson
1159,Sherwin
1160,Sherwin
1161,Taylor
1162,Johnson
1163,Johnson
1164,Sherwin
1165,Johnson
1166,Johnson
1167,Sherwin
1168,Sherwin
1169,Johnson
1170,Sherwin
1171,Johnson
1172,Johnson
1173,Sherwin
1174,Sherwin
1175,Sherwin
1176,Vision
1177,Johnson
1178,Sherwin
1179,Taylor
1180,Johnson
1181,Johnson
1182,Sherwin
1183,Sherwin
1184,Sherwin
1185,Johnson
1186,Johnson
1187,Sherwin
1188,Johnson
1189,Taylor
1190,Sherwin
1191,Taylor
1192,Sherwin
1193,Sherwin
1194,Johnson
1195,Sherwin
1196,Johnson
1197,Sherwin
1198,Sherwin
1199,Sherwin
1200,Sherwin
1201,Sherwin
1202,Taylor
1203,Johnson
1204,Lee
1205,Sherwin
1206,Johnson
1207,Johnson
1208,Sherwin
1209,Johnson
1210,Johnson
1211,Johnson
1212,Taylor
1213,Johnson
1214,Johnson
1215,Sherwin
1216,Sherwin
1217,Johnson
1218,Sherwin
1219,Sherwin
1220,Sherwin
1221,Taylor
1222,Sherwin
1223,Johnson
1224,Johnson
1225,Johnson
1226,Johnson
1227,Sherwin
1228,Johnson
1229,Johnson
1230,Sherwin
1231,Johnson
1232,Johnson
1233,Johnson
1234,Sherwin
1235,Johnson
1236,Sherwin
1237,Johnson
1238,Sherwin
1239,Vision
1240,Johnson
1241,Sherwin
1242,Sherwin
1243,Taylor
1244,Sherwin
1245,Johnson
1246,Taylor
1247,Johnson
1248,Sherwin
1249,Sherwin
1250,Taylor
1251,Sherwin
1252,Johnson
1253,Sherwin
1254,Lee
1255,Sherwin
1256,Johnson
1257,Johnson
1258,Johnson
1259,Taylor
1260,Johnson
1261,Taylor
1262,Johnson
1263,Johnson
1264,Johnson
1265,Johnson
1266,Vision
1267,Johnson
1268,Johnson
1269,Sherwin
1270,Taylor
1271,Sherwin
1272,Sherwin
1273,Johnson
1274,Johnson
1275,Taylor
1276,Taylor
1277,Taylor
1278,Johnson
1279,Sherwin
1280,Johnson
1281,Johnson
1282,Johnson
1283,Sherwin
1284,Taylor
1285,Sherwin
1286,Johnson
1287,Sherwin
1288,Johnson
1289,Sherwin
1290,Johnson
1291,Johnson
1292,Taylor
1293,Sherwin
1294,Johnson
1295,Johnson
1296,Sherwin
1297,Sherwin
1298,Johnson
1299,Taylor
1300,Sherwin
1301,Sherwin
1302,Johnson
1303,Johnson
1304,Sherwin
1305,Johnson
1306,Johnson
1307,Johnson
1308,Johnson
1309,Sherwin
1310,Sherwin
1311,Taylor
1312,Sherwin
1313,Sherwin
1314,Johnson
1315,Sherwin
1316,Johnson
1317,Sherwin
1318,Vision
1319,Johnson
1320,Johnson
1321,Sherwin
1322,Johnson
1323,Taylor
1324,Johnson
1325,Sherwin
1326,Johnson
1327,Sherwin
1328,Johnson
1329,Johnson
1330,Johnson
1331,Johnson
1332,Sherwin
1333,Johnson
1334,Taylor
1335,Sherwin
1336,Sherwin
1337,Taylor
1338,Taylor
1339,Johnson
1340,Johnson
1341,Sherwin
1342,Johnson
1343,Sherwin
1344,Sherwin
1345,Johnson
1346,Johnson
1347,Johnson
1348,Johnson
1349,Taylor
1350,Johnson
1351,Taylor
1352,Johnson
1353,Sherwin
1354,Johnson
1355,Taylor
1356,Johnson
1357,Taylor
1358,Johnson
1359,Johnson
1360,Johnson
1361,Sherwin
1362,Johnson
1363,Johnson
1364,Johnson
1365,Sherwin
1366,Sherwin
1367,Johnson
1368,Sherwin
1369,Taylor
1370,Johnson
1371,Sherwin
1372,Johnson
1373,Johnson
1374,Sherwin
1375,Taylor
1376,Sherwin
1377,Taylor
1378,Johnson
1379,Taylor
1380,Johnson
1381,Taylor
1382,Sherwin
1383,Sherwin
1384,Johnson
1385,Sherwin
1386,Sherwin
1387,Sherwin
1388,Johnson
1389,Johnson
1390,Taylor
1391,Johnson
1392,Johnson
1393,Sherwin
1394,Johnson
1395,Johnson
1396,Johnson
1397,Taylor
1398,Sherwin
1399,Sherwin
1400,Johnson
1401,Johnson
1402,Johnson
1403,Sherwin
1404,Johnson
1405,Johnson
1406,Johnson
1407,Taylor
1408,Johnson
1409,Sherwin
1410,Johnson
1411,Sherwin
1412,Sherwin
1413,Sherwin
1414,Johnson
1415,Sherwin
1416,Sherwin
1417,Johnson
1418,Johnson
1419,Sherwin
1420,Taylor
1421,Johnson
1422,Taylor
1423,Sherwin
1424,Sherwin
1425,Sherwin
1426,Sherwin
1427,Taylor
1428,Johnson
1429,Johnson
1430,Sherwin
1431,Johnson
1432,Johnson
1433,Johnson
1434,Taylor
1435,Sherwin
1436,Johnson
1437,Johnson
1438,Johnson
1439,Sherwin
1440,Johnson
1441,Johnson
1442,Lee
1443,Taylor
1444,Johnson
1445,Taylor
1446,Johnson
1447,Sherwin
1448,Taylor
1449,Taylor
1450,Johnson
1451,Johnson
1452,Sherwin
1453,Taylor
1454,Sherwin
1455,Sherwin
1456,Taylor
1457,Sherwin
1458,Sherwin
1459,Sherwin
1460,Taylor
1461,Sherwin
1462,Sherwin
1463,Sherwin
1464,Taylor
1465,Johnson
1466,Sherwin
1467,Sherwin
1468,Taylor
1469,Taylor
1470,Johnson
1471,Sherwin
1472,Johnson
1473,Sherwin
1474,Taylor
1475,Johnson
1476,Johnson
1477,Taylor
1478,Sherwin
1479,Sherwin
1480,Sherwin
1481,Johnson
1482,Sherwin
1483,Taylor
1484,Sherwin
1485,Johnson
1486,Johnson
1487,Johnson
1488,Sherwin
1489,Taylor
1490,Sherwin
1491,Johnson
1492,Sherwin
1493,Johnson
1494,Taylor
1495,Taylor
1496,Sherwin
1497,Johnson
1498,Taylor
1499,Johnson
